-53.033008588991066,-53.033008588991066,0.0
-39.7747564417433,-63.58434359179939,0.0
-26.516504294495533,-70.1560760020114,0.0
-13.258252147247767,-73.81882381886074,0.0
0.0,-75.0,0.0
13.258252147247767,-73.81882381886074,0.0
26.516504294495533,-70.1560760020114,0.0
39.7747564417433,-63.58434359179939,0.0
53.033008588991066,-53.033008588991066,0.0
-63.58434359179939,-39.7747564417433,0.0
-47.68825769384954,-47.68825769384954,0.0
-31.792171795899694,-52.61705700150855,0.0
-15.896085897949847,-55.36411786414555,0.0
0.0,-56.25,0.0
15.896085897949847,-55.36411786414555,0.0
31.792171795899694,-52.61705700150855,0.0
47.68825769384954,-47.68825769384954,0.0
63.58434359179939,-39.7747564417433,0.0
-70.1560760020114,-26.516504294495533,0.0
-52.61705700150855,-31.792171795899694,0.0
-35.0780380010057,-35.0780380010057,0.0
-17.53901900050285,-36.90941190943037,0.0
0.0,-37.5,0.0
17.53901900050285,-36.90941190943037,0.0
35.0780380010057,-35.0780380010057,0.0
52.61705700150855,-31.792171795899694,0.0
70.1560760020114,-26.516504294495533,0.0
-73.81882381886074,-13.258252147247767,0.0
-55.36411786414555,-15.896085897949847,0.0
-36.90941190943037,-17.53901900050285,0.0
-18.454705954715184,-18.454705954715184,0.0
0.0,-18.75,0.0
18.454705954715184,-18.454705954715184,0.0
36.90941190943037,-17.53901900050285,0.0
55.36411786414555,-15.896085897949847,0.0
73.81882381886074,-13.258252147247767,0.0
-75.0,0.0,0.0
-56.25,0.0,0.0
-37.5,0.0,0.0
-18.75,0.0,0.0
0.0,0.0,0.0
18.75,0.0,0.0
37.5,0.0,0.0
56.25,0.0,0.0
75.0,0.0,0.0
-73.81882381886074,13.258252147247767,0.0
-55.36411786414555,15.896085897949847,0.0
-36.90941190943037,17.53901900050285,0.0
-18.454705954715184,18.454705954715184,0.0
0.0,18.75,0.0
18.454705954715184,18.454705954715184,0.0
36.90941190943037,17.53901900050285,0.0
55.36411786414555,15.896085897949847,0.0
73.81882381886074,13.258252147247767,0.0
-70.1560760020114,26.516504294495533,0.0
-52.61705700150855,31.792171795899694,0.0
-35.0780380010057,35.0780380010057,0.0
-17.53901900050285,36.90941190943037,0.0
0.0,37.5,0.0
17.53901900050285,36.90941190943037,0.0
35.0780380010057,35.0780380010057,0.0
52.61705700150855,31.792171795899694,0.0
70.1560760020114,26.516504294495533,0.0
-63.58434359179939,39.7747564417433,0.0
-47.68825769384954,47.68825769384954,0.0
-31.792171795899694,52.61705700150855,0.0
-15.896085897949847,55.36411786414555,0.0
0.0,56.25,0.0
15.896085897949847,55.36411786414555,0.0
31.792171795899694,52.61705700150855,0.0
47.68825769384954,47.68825769384954,0.0
63.58434359179939,39.7747564417433,0.0
-53.033008588991066,53.033008588991066,0.0
-39.7747564417433,63.58434359179939,0.0
-26.516504294495533,70.1560760020114,0.0
-13.258252147247767,73.81882381886074,0.0
0.0,75.0,0.0
13.258252147247767,73.81882381886074,0.0
26.516504294495533,70.1560760020114,0.0
39.7747564417433,63.58434359179939,0.0
53.033008588991066,53.033008588991066,0.0
-53.033008588991066,-53.033008588991066,18.75
-39.7747564417433,-63.58434359179939,18.75
-26.516504294495533,-70.1560760020114,18.75
-13.258252147247767,-73.81882381886074,18.75
0.0,-75.0,18.75
13.258252147247767,-73.81882381886074,18.75
26.516504294495533,-70.1560760020114,18.75
39.7747564417433,-63.58434359179939,18.75
53.033008588991066,-53.033008588991066,18.75
-63.58434359179939,-39.7747564417433,18.75
-47.562028338748895,-47.751486517239975,18.663165277039244
-31.72336059733414,-52.60724271021956,18.69879369405042
-15.820469992526377,-55.28759541188866,18.762855081475738
0.055354362728704865,-56.20922561865729,18.845027226835967
15.818687330057516,-55.40184843055204,18.81237040600384
31.8515855024619,-52.75089081046514,18.80517286658528
47.67862639263852,-47.561537147488146,18.84222269595704
63.58434359179939,-39.7747564417433,18.75
-70.1560760020114,-26.516504294495533,18.75
-52.73020605150921,-31.788255156971267,18.876950470068003
-35.02148756807475,-35.03491173041483,18.773229820827595
-17.415420351115788,-36.786911661096696,18.711673744028282
-0.049384116660516765,-37.39884871330524,18.69967547878608
17.434790958132105,-36.97012003455725,18.728540992563843
35.01650002150369,-34.9468594913842,18.767211208523815
52.68583866126942,-31.678816194850036,18.617586841628693
70.1560760020114,-26.516504294495533,18.75
-73.81882381886074,-13.258252147247767,18.75
-55.43207061067932,-15.877896890967389,18.75264035419218
-36.932979001417635,-17.631134030494508,18.872690930204786
-18.588242002847895,-18.4950669211752,18.70323670650983
0.04932631072556894,-18.622695635362852,18.75445645654316
18.354371075587697,-18.483019450389502,18.68507820176197
36.868748922882375,-17.56183391265291,18.69977149390605
55.3736159431081,-15.861872774300389,18.669969176440485
73.81882381886074,-13.258252147247767,18.75
-75.0,0.0,18.75
-56.128051564762394,-0.012648961535957164,18.85890346516804
-37.45946092075177,0.04030492491568669,18.75487305794604
-18.74851510093944,0.05669851084551705,18.881871780604996
-0.030983371837522544,0.06246952675863612,18.675336232397395
18.776057903038364,-0.04482363420297562,18.69917995058893
37.46742954818412,0.08841633053422734,18.86326728875901
56.133322172674035,0.09575613250292658,18.62331897668695
75.0,0.0,18.75
-73.81882381886074,13.258252147247767,18.75
-55.39207668657192,15.792157377999633,18.623365196736234
-36.76055036354778,17.455020649175708,18.78970924471026
-18.56143010941139,18.441837975585933,18.777874774708355
-0.10866147668969886,18.87656127623122,18.8653696181557
18.571878297564695,18.570272226428916,18.87232869270832
36.98775025812281,17.47164547435185,18.603145980137935
55.288606042401746,15.768897849821256,18.600475102756395
73.81882381886074,13.258252147247767,18.75
-70.1560760020114,26.516504294495533,18.75
-52.58200497480038,31.711584680094756,18.82234466640388
-35.08122975101487,35.1342955969221,18.671414566911483
-17.424392919184896,36.829960620295594,18.71218351182164
0.11828318627936914,37.385511797357125,18.746778181170477
17.38990993268884,37.03330915936831,18.7910797069739
35.20467311132652,34.93433716301278,18.870015852930962
52.5234972122032,31.93279294091836,18.769584328713634
70.1560760020114,26.516504294495533,18.75
-63.58434359179939,39.7747564417433,18.75
-47.634445003815124,47.618139102371394,18.666833026738296
-31.879491405393328,52.63638024204077,18.615703625099595
-15.815258849048925,55.42432874194694,18.814223207959078
-0.0005438317780121438,56.10981930695,18.633091908662156
16.02179478282407,55.253345945215074,18.80635853554418
31.910078686973684,52.4781752820288,18.864940703876755
47.79666775046405,47.83607921388462,18.88628722945521
63.58434359179939,39.7747564417433,18.75
-53.033008588991066,53.033008588991066,18.75
-39.7747564417433,63.58434359179939,18.75
-26.516504294495533,70.1560760020114,18.75
-13.258252147247767,73.81882381886074,18.75
0.0,75.0,18.75
13.258252147247767,73.81882381886074,18.75
26.516504294495533,70.1560760020114,18.75
39.7747564417433,63.58434359179939,18.75
53.033008588991066,53.033008588991066,18.75
-53.033008588991066,-53.033008588991066,37.5
-39.7747564417433,-63.58434359179939,37.5
-26.516504294495533,-70.1560760020114,37.5
-13.258252147247767,-73.81882381886074,37.5
0.0,-75.0,37.5
13.258252147247767,-73.81882381886074,37.5
26.516504294495533,-70.1560760020114,37.5
39.7747564417433,-63.58434359179939,37.5
53.033008588991066,-53.033008588991066,37.5
-63.58434359179939,-39.7747564417433,37.5
-47.608792240136594,-47.712377140264124,37.42446411018002
-31.723872000297106,-52.50239230881392,37.4694901186598
-15.975661582769952,-55.39265263563757,37.6160955335787
0.01763285722938964,-56.29456854564816,37.536453291348394
15.966553590386715,-55.41361107770202,37.56755975639334
31.768997498754512,-52.707469120604884,37.44351434786502
47.833902261242145,-47.54001352640513,37.53972223819686
63.58434359179939,-39.7747564417433,37.5
-70.1560760020114,-26.516504294495533,37.5
-52.505399626848224,-31.666675879818335,37.409861579379005
-35.03447337811291,-35.187421041793066,37.49923348675912
-17.521807039982622,-36.82799144595244,37.633729673448826
-0.005378345612147045,-37.59385470335551,37.48400070389453
17.438849355928138,-36.86062827664399,37.506516240656616
35.096494716755494,-35.076016394295884,37.577143971914026
52.5757929605582,-31.71690804831503,37.35780565543464
70.1560760020114,-26.516504294495533,37.5
-73.81882381886074,-13.258252147247767,37.5
-55.42446697419863,-15.883578560123306,37.41082685066426
-36.84253279528641,-17.601747582971075,37.420714456574395
-18.40683430889678,-18.475954684787585,37.37259367314288
0.08186451240063855,-18.65314008246788,37.62463396236982
18.577711504265707,-18.4004346590465,37.63766630356557
36.76697593597031,-17.460424943693255,37.53031279890813
55.43132911301891,-15.776626083292642,37.361104943655015
73.81882381886074,-13.258252147247767,37.5
-75.0,0.0,37.5
-56.35921199017168,-0.12591881536688598,37.382470128746924
-37.624546150478785,-0.1471510970020439,37.53151268664818
-18.616275504052766,-0.09239661485999663,37.3900940480363
-0.08933465380190622,0.05247355136204209,37.422977741841684
18.736907133151266,0.1481868733643493,37.47678063461873
37.552126036957894,0.08230315136364806,37.469064968833266
56.224931180675014,-0.13164639500046446,37.41903922719371
75.0,0.0,37.5
-73.81882381886074,13.258252147247767,37.5
-55.271826419539266,16.038395395755302,37.395729616305665
-36.78175066011982,17.541636162946837,37.38664919605323
-18.541667888144055,18.48549081570463,37.40115864959134
-0.12657631839466107,18.681816740930927,37.54396482608
18.47153788128212,18.448895765209233,37.64814497348766
36.78198131654446,17.513044367062488,37.44433576781039
55.21536745335837,15.747931797826913,37.47403923385965
73.81882381886074,13.258252147247767,37.5
-70.1560760020114,26.516504294495533,37.5
-52.739653522426316,31.712444730974575,37.62721980352757
-34.99480011321097,35.15721816700489,37.48104994833984
-17.43253725282135,37.048145192389796,37.59028669914244
0.04855248699828633,37.521648980198265,37.45441019223277
17.511119856668298,36.908501482125025,37.49844827915004
35.098265675712646,35.14456680063106,37.549535303422964
52.65690163127769,31.860864325854966,37.615350958223154
70.1560760020114,26.516504294495533,37.5
-63.58434359179939,39.7747564417433,37.5
-47.58470283732681,47.83473127141993,37.48141822555634
-31.796054870474745,52.754222618653756,37.6425273595343
-15.938754204960242,55.237881940426774,37.452830058616975
0.11479517545774354,56.31251391829574,37.57142479653537
16.0326412678404,55.450219614679625,37.41212122620182
31.71362056991683,52.7066019075285,37.38123547734285
47.81292539505603,47.778311871174786,37.54055830537833
63.58434359179939,39.7747564417433,37.5
-53.033008588991066,53.033008588991066,37.5
-39.7747564417433,63.58434359179939,37.5
-26.516504294495533,70.1560760020114,37.5
-13.258252147247767,73.81882381886074,37.5
0.0,75.0,37.5
13.258252147247767,73.81882381886074,37.5
26.516504294495533,70.1560760020114,37.5
39.7747564417433,63.58434359179939,37.5
53.033008588991066,53.033008588991066,37.5
-53.033008588991066,-53.033008588991066,56.25
-39.7747564417433,-63.58434359179939,56.25
-26.516504294495533,-70.1560760020114,56.25
-13.258252147247767,-73.81882381886074,56.25
0.0,-75.0,56.25
13.258252147247767,-73.81882381886074,56.25
26.516504294495533,-70.1560760020114,56.25
39.7747564417433,-63.58434359179939,56.25
53.033008588991066,-53.033008588991066,56.25
-63.58434359179939,-39.7747564417433,56.25
-47.62481920022454,-47.67749533848433,56.23290662315344
-31.6805564560647,-52.59804039474321,56.36210990509117
-15.96491103073094,-55.30812451596896,56.23020280391453
-0.03147460850024345,-56.343745063591626,56.27671621547859
15.815519446609601,-55.24446553966384,56.3466175640219
31.743570311927602,-52.56219812045743,56.36321382618659
47.57303441184892,-47.74595827826289,56.376277764922136
63.58434359179939,-39.7747564417433,56.25
-70.1560760020114,-26.516504294495533,56.25
-52.766661955147576,-31.902627606998124,56.21918286868333
-35.22156404027523,-35.02018000403163,56.36935514326643
-17.63712612161845,-36.99579649932429,56.384197652844804
0.05995136262381048,-37.59744838161741,56.13505015621663
17.57699453333819,-37.05463154590381,56.34356979087161
35.10551318021483,-35.002701033166154,56.13841847932824
52.56643907121518,-31.727726236585035,56.386515401483756
70.1560760020114,-26.516504294495533,56.25
-73.81882381886074,-13.258252147247767,56.25
-55.34976512670186,-15.869627681921346,56.3332367910227
-36.848665190947905,-17.468921465762463,56.27926638171974
-18.57462839105586,-18.59109353245491,56.283980928447086
-0.08253558978090787,-18.725657447718856,56.17527618919279
18.371617717978545,-18.41870078743113,56.28884654305356
37.00326101060119,-17.61717562240983,56.37165560939892
55.229945031792425,-15.838879256855458,56.222016873407185
73.81882381886074,-13.258252147247767,56.25
-75.0,0.0,56.25
-56.162408645433565,0.04789619808918618,56.34140128495237
-37.618603805531095,0.12584043884456178,56.250255660549854
-18.653113138560723,-0.02251979008899992,56.35988797417836
0.08718201580326167,0.06813960541884397,56.372348274510514
18.857449698242103,-0.09292164498144838,56.31591279679719
37.39637577037624,-0.11242728655339558,56.38459489708049
56.386435231792944,-0.1330592560037315,56.123084345284425
75.0,0.0,56.25
-73.81882381886074,13.258252147247767,56.25
-55.43552666884784,16.02830526644034,56.36092621970965
-36.77243724936209,17.472130767965822,56.159475750177855
-18.595772715513665,18.44565721463414,56.26782545785784
-0.10752978327569075,18.696932485465396,56.24428321688635
18.372732163670992,18.32119987495969,56.11331754942113
36.787465030432784,17.57782368810381,56.24038450929354
55.456565560698365,15.964521861201678,56.2532343735235
73.81882381886074,13.258252147247767,56.25
-70.1560760020114,26.516504294495533,56.25
-52.556941192091166,31.75858067386681,56.28401199331694
-34.93846632321029,35.15922670849298,56.38860673871292
-17.47556145243706,36.94042225115894,56.34081343218722
-0.09864522938087825,37.369629795579066,56.31797429738472
17.583035145483535,36.888760599786195,56.263438810344525
35.044123461422714,35.07637122973366,56.136575230786846
52.486960836007924,31.665918226877753,56.206265448269555
70.1560760020114,26.516504294495533,56.25
-63.58434359179939,39.7747564417433,56.25
-47.73486862739021,47.598297675751205,56.29197582127153
-31.904543685337416,52.48271122171505,56.10047901067905
-15.795353415142726,55.47495640342035,56.11332959156173
0.08044537796193985,56.19546740632293,56.22069806951131
16.018540174478268,55.45314347731708,56.10348057383833
31.94017629679264,52.52870350926424,56.292855849858775
47.66652627022953,47.548220912349436,56.151813327638344
63.58434359179939,39.7747564417433,56.25
-53.033008588991066,53.033008588991066,56.25
-39.7747564417433,63.58434359179939,56.25
-26.516504294495533,70.1560760020114,56.25
-13.258252147247767,73.81882381886074,56.25
0.0,75.0,56.25
13.258252147247767,73.81882381886074,56.25
26.516504294495533,70.1560760020114,56.25
39.7747564417433,63.58434359179939,56.25
53.033008588991066,53.033008588991066,56.25
-53.033008588991066,-53.033008588991066,75.0
-39.7747564417433,-63.58434359179939,75.0
-26.516504294495533,-70.1560760020114,75.0
-13.258252147247767,-73.81882381886074,75.0
0.0,-75.0,75.0
13.258252147247767,-73.81882381886074,75.0
26.516504294495533,-70.1560760020114,75.0
39.7747564417433,-63.58434359179939,75.0
53.033008588991066,-53.033008588991066,75.0
-63.58434359179939,-39.7747564417433,75.0
-47.611660076177444,-47.61209747880973,74.92473417412245
-31.684907319976073,-52.523010153220724,74.94537917352066
-15.908316536160616,-55.42445427254196,74.92598408156819
0.11445891655257853,-56.13898950081271,75.0534598406886
15.895628351299202,-55.254104421537946,75.09592990597986
31.886101599431278,-52.53884904617225,75.14110533711086
47.745658516119924,-47.752637795529544,75.0636310642183
63.58434359179939,-39.7747564417433,75.0
-70.1560760020114,-26.516504294495533,75.0
-52.6697606845881,-31.682973313863478,74.89888758270484
-34.97443548079056,-35.03048074514828,75.0947991956234
-17.548938158061866,-36.820693003786474,75.09864715693921
-0.13723332266660096,-37.58045405756238,74.90865454913985
17.396026394073004,-36.88614817584162,75.09357042608018
35.11618913052161,-34.97200422707308,75.10963848557306
52.71108402799235,-31.879937682645,75.0187414716318
70.1560760020114,-26.516504294495533,75.0
-73.81882381886074,-13.258252147247767,75.0
-55.37620414852134,-15.930267401847464,75.01146399274536
-36.834085838064944,-17.53373756184517,74.96513951961656
-18.45479975917804,-18.53127756194475,75.06099729268392
0.08149813871434804,-18.810782627952648,74.92637199981901
18.488906912730673,-18.43920458836182,75.13146430094794
36.92991794155383,-17.594137101409164,75.03007806762125
55.386200374536834,-15.855333751561092,75.02132435579381
73.81882381886074,-13.258252147247767,75.0
-75.0,0.0,75.0
-56.351552173565864,-0.08738112148706853,74.88549116683915
-37.54995893458834,0.04018637379174417,75.11238431784436
-18.706769989946284,-0.033221027200678835,74.9541958381907
-0.03054752879801557,-0.11231650824766443,74.89644588150384
18.615930435068872,-0.007177797452163792,74.96275822148321
37.37742846832957,0.04026721501269712,74.9710827184008
56.23724816205783,-0.12014029401826685,75.1020784349889
75.0,0.0,75.0
-73.81882381886074,13.258252147247767,75.0
-55.43186100582359,15.837103715092741,74.88645272061063
-36.998536606476314,17.520235749274676,74.90989660805086
-18.422414443835986,18.478129301393643,75.07618762484108
0.08541070410768067,18.747703937789286,75.11008242455316
18.51001541950013,18.340880595350292,75.03718515429048
36.98030006970235,17.656328691732366,75.0239804944368
55.50428786342378,15.833263767155758,75.14844774375598
73.81882381886074,13.258252147247767,75.0
-70.1560760020114,26.516504294495533,75.0
-52.75582769485763,31.673128677919667,74.94231610968352
-34.97118255022238,35.19759931631941,75.06702647750127
-17.525011636585543,36.83117726765104,75.0103756149115
0.0829598174583911,37.40565202317929,75.09355357440354
17.59394400080019,36.9338919067628,75.13531516617411
35.02003588936029,34.936547576492124,75.0704352002686
52.62146791595869,31.82641095946805,75.05762209333834
70.1560760020114,26.516504294495533,75.0
-63.58434359179939,39.7747564417433,75.0
-47.63373495631272,47.55190747523016,75.06187566402922
-31.647886456925004,52.720749149134946,75.05392515687454
-15.875974307433042,55.27961968009488,75.03902066046793
0.020240484350472897,56.23182047839827,74.85678043971154
16.00493612979052,55.409964410305534,75.14290131088016
31.734503758695777,52.690355715270535,75.13148219770821
47.70955457572052,47.72495129925142,74.90942598933327
63.58434359179939,39.7747564417433,75.0
-53.033008588991066,53.033008588991066,75.0
-39.7747564417433,63.58434359179939,75.0
-26.516504294495533,70.1560760020114,75.0
-13.258252147247767,73.81882381886074,75.0
0.0,75.0,75.0
13.258252147247767,73.81882381886074,75.0
26.516504294495533,70.1560760020114,75.0
39.7747564417433,63.58434359179939,75.0
53.033008588991066,53.033008588991066,75.0
-53.033008588991066,-53.033008588991066,93.75
-39.7747564417433,-63.58434359179939,93.75
-26.516504294495533,-70.1560760020114,93.75
-13.258252147247767,-73.81882381886074,93.75
0.0,-75.0,93.75
13.258252147247767,-73.81882381886074,93.75
26.516504294495533,-70.1560760020114,93.75
39.7747564417433,-63.58434359179939,93.75
53.033008588991066,-53.033008588991066,93.75
-63.58434359179939,-39.7747564417433,93.75
-47.7656549695318,-47.704270085561134,93.72973250329017
-31.92798899812028,-52.596774722893365,93.83425668535487
-15.793975138710152,-55.488587322585154,93.69181200554213
0.03437714659812726,-56.27329712527492,93.695215504428
15.83306881945472,-55.49215613174033,93.7108365345331
31.771807693844206,-52.57652024809876,93.75121455837564
47.701340313123154,-47.708675562321446,93.78688459279336
63.58434359179939,-39.7747564417433,93.75
-70.1560760020114,-26.516504294495533,93.75
-52.49770592346516,-31.65860312065008,93.73872492026479
-34.97830311080097,-34.933738330094165,93.7945690101453
-17.567665488514965,-36.87093592905891,93.61580210310211
-0.06405316275267543,-37.64150638421602,93.85220048136647
17.42250932658774,-36.987501400674816,93.79992065457624
34.994479463784394,-35.146373079531216,93.64233522170332
52.695128169214165,-31.850056167649697,93.78736399770126
70.1560760020114,-26.516504294495533,93.75
-73.81882381886074,-13.258252147247767,93.75
-55.28740849908001,-16.04178724142089,93.84752028214164
-36.78602995487153,-17.458508730125924,93.88611422501789
-18.582926079014925,-18.550335060453374,93.61161985821632
0.1449570416449369,-18.75700107354531,93.68295692395557
18.461726875908724,-18.35408345491088,93.81235421090962
36.99663466742979,-17.68612530419523,93.63435384218319
55.399143436868805,-15.821285138198125,93.62636914720125
73.81882381886074,-13.258252147247767,93.75
-75.0,0.0,93.75
-56.31374298874929,-0.028411909275880047,93.83104080028414
-37.447269624330694,0.039423874015651596,93.64705058105618
-18.620884188739996,0.14943984691027543,93.78550702099945
0.06650193772115832,-0.1019327204916313,93.86676669715287
18.647879048366043,-0.04683411191070178,93.80908111683516
37.4763306485146,-0.01079041518307776,93.89549201801209
56.23434672925358,0.01547856492245503,93.79824065170169
75.0,0.0,93.75
-73.81882381886074,13.258252147247767,93.75
-55.48348471385735,15.797442791705043,93.65531334358049
-36.808046352093484,17.48994116151803,93.8987601821305
-18.442324887326315,18.343305559427332,93.743556397056
0.002365320200270671,18.603936605948924,93.76253618358753
18.550343510249967,18.43510182780655,93.66343904662106
36.77946846960961,17.57962593307336,93.7307157125467
55.25309863660309,15.99592859186257,93.60615659114261
73.81882381886074,13.258252147247767,93.75
-70.1560760020114,26.516504294495533,93.75
-52.49322966781896,31.858169116786396,93.86697214276855
-35.027234490067485,35.1326463395669,93.85234619795919
-17.60646990028146,36.962139330339106,93.73976321315382
-0.1496765237765743,37.38666488711567,93.62675775304751
17.406574470064943,36.91418883951984,93.63586401372956
34.994516753614334,35.03643309431651,93.79633327475578
52.54040582193847,31.715796761622194,93.81479889802392
70.1560760020114,26.516504294495533,93.75
-63.58434359179939,39.7747564417433,93.75
-47.61317860573856,47.742491575077324,93.85884179531543
-31.8881179295235,52.55038918620294,93.76402815872059
-15.924822280895631,55.391729694360336,93.7220304199597
0.015268262692386413,56.36369107093834,93.85582926066398
15.868469877481962,55.32166186040491,93.89194513102618
31.86398895295486,52.74801562768616,93.67163016706316
47.826475524269185,47.81533355676996,93.81402810337676
63.58434359179939,39.7747564417433,93.75
-53.033008588991066,53.033008588991066,93.75
-39.7747564417433,63.58434359179939,93.75
-26.516504294495533,70.1560760020114,93.75
-13.258252147247767,73.81882381886074,93.75
0.0,75.0,93.75
13.258252147247767,73.81882381886074,93.75
26.516504294495533,70.1560760020114,93.75
39.7747564417433,63.58434359179939,93.75
53.033008588991066,53.033008588991066,93.75
-53.033008588991066,-53.033008588991066,112.5
-39.7747564417433,-63.58434359179939,112.5
-26.516504294495533,-70.1560760020114,112.5
-13.258252147247767,-73.81882381886074,112.5
0.0,-75.0,112.5
13.258252147247767,-73.81882381886074,112.5
26.516504294495533,-70.1560760020114,112.5
39.7747564417433,-63.58434359179939,112.5
53.033008588991066,-53.033008588991066,112.5
-63.58434359179939,-39.7747564417433,112.5
-47.66792424078181,-47.643911984450064,112.61833787708
-31.887471712309257,-52.62275209700652,112.48252996557045
-15.814954555509408,-55.2896454676859,112.55756729734483
0.03356647448780315,-56.39826328349219,112.43899434678676
15.974072342914846,-55.34593733741393,112.36011277833494
31.807637271083358,-52.48881558968932,112.35340844588512
47.82400768522072,-47.638152718428515,112.51432190126009
63.58434359179939,-39.7747564417433,112.5
-70.1560760020114,-26.516504294495533,112.5
-52.508862523113066,-31.66757340297419,112.62518989894315
-35.2114064634618,-35.00178650061418,112.45896708025083
-17.479301224756732,-37.03275494443789,112.47361062859353
-0.12616522851221507,-37.55899560479866,112.46087014889851
17.48361153771904,-36.94263891697926,112.35368412570269
35.04713868596659,-35.10282586340659,112.59039662822168
52.713187523311774,-31.926491849117777,112.48286556370225
70.1560760020114,-26.516504294495533,112.5
-73.81882381886074,-13.258252147247767,112.5
-55.342588720575776,-15.855769920796332,112.39062801913387
-37.02429432639063,-17.567800851641202,112.3634279177121
-18.52169296742234,-18.405428523896173,112.40577977511835
0.14068041415451113,-18.634279305131304,112.51771865816215
18.352193685968675,-18.478406777313346,112.56027459269868
36.844491396138096,-17.558085903716385,112.44255769010287
55.331215423026286,-15.98741378942133,112.3521280387892
73.81882381886074,-13.258252147247767,112.5
-75.0,0.0,112.5
-56.33405206982701,0.036862417490623155,112.54665076490336
-37.64059426928432,0.13211613836796773,112.37593755043389
-18.867589857740136,0.06726096152200407,112.55498030032263
0.05390752246785328,0.023730117210061342,112.632079949501
18.61771126343762,-0.07679540390465193,112.39964657451475
37.459977869461284,-0.05194796426312437,112.41056462966863
56.10973084071173,-0.10376015796966857,112.50302500378015
75.0,0.0,112.5
-73.81882381886074,13.258252147247767,112.5
-55.22287933104951,15.792111642983146,112.5046967746479
-36.87072040224889,17.427180199548292,112.62527235675383
-18.402205993093823,18.521560924926746,112.63148434571059
0.05739835799084899,18.644202752199117,112.46565621058254
18.438637215519798,18.387406297857773,112.39466719750533
36.88100038139138,17.62646724929969,112.54271752847951
55.417619019234905,15.98999948473396,112.60565308060295
73.81882381886074,13.258252147247767,112.5
-70.1560760020114,26.516504294495533,112.5
-52.605731307790705,31.643106111698934,112.45304563781389
-34.94000326306295,35.12787860491415,112.57102988931399
-17.43966930037915,36.87982188845918,112.58051753734728
-0.04174980423029037,37.51104030150969,112.35434747329184
17.557002616491708,36.76004583416451,112.50437300673424
35.075162183367404,35.0441709541243,112.39654306422293
52.6163373961918,31.6977652373989,112.50897127718616
70.1560760020114,26.516504294495533,112.5
-63.58434359179939,39.7747564417433,112.5
-47.808002025923614,47.545268524977885,112.58103877409876
-31.773495518152,52.709257106979244,112.6071726460276
-15.84542411200238,55.43675428322511,112.60029547021273
-0.034032134750872904,56.37191124207895,112.46224562088598
15.858236128586737,55.223044178358364,112.37456297475126
31.672088440289397,52.47609925923523,112.523225612274
47.74112318314377,47.59853626187535,112.35189280975698
63.58434359179939,39.7747564417433,112.5
-53.033008588991066,53.033008588991066,112.5
-39.7747564417433,63.58434359179939,112.5
-26.516504294495533,70.1560760020114,112.5
-13.258252147247767,73.81882381886074,112.5
0.0,75.0,112.5
13.258252147247767,73.81882381886074,112.5
26.516504294495533,70.1560760020114,112.5
39.7747564417433,63.58434359179939,112.5
53.033008588991066,53.033008588991066,112.5
-53.033008588991066,-53.033008588991066,131.25
-39.7747564417433,-63.58434359179939,131.25
-26.516504294495533,-70.1560760020114,131.25
-13.258252147247767,-73.81882381886074,131.25
0.0,-75.0,131.25
13.258252147247767,-73.81882381886074,131.25
26.516504294495533,-70.1560760020114,131.25
39.7747564417433,-63.58434359179939,131.25
53.033008588991066,-53.033008588991066,131.25
-63.58434359179939,-39.7747564417433,131.25
-47.82580410826003,-47.63084469085777,131.39034128277112
-31.67623226155315,-52.52130323912844,131.38348432243032
-15.825078811463754,-55.348015292375884,131.28592373276405
-0.12982343457630993,-56.2924649240414,131.24202163621877
15.903725826883845,-55.35983227046345,131.27797301508392
31.83463631132331,-52.61594627675247,131.31795097543764
47.64030187402579,-47.58172147176021,131.1042846553979
63.58434359179939,-39.7747564417433,131.25
-70.1560760020114,-26.516504294495533,131.25
-52.75485372916391,-31.741773499548895,131.39416676787388
-35.167170344722216,-35.22533884447983,131.16472373030368
-17.67728378648378,-36.925669890905,131.3021053558691
0.03471609190326001,-37.52664338190883,131.35468025820083
17.40011858169561,-36.808750802719736,131.3612204855593
35.060738796188986,-35.12577335554179,131.16189631193964
52.65837177113389,-31.914838702731792,131.18729687295263
70.1560760020114,-26.516504294495533,131.25
-73.81882381886074,-13.258252147247767,131.25
-55.31557414936773,-16.021871627134495,131.26924959363848
-36.78149162773986,-17.682844628130553,131.37267646122382
-18.531422165839842,-18.424066326822363,131.1102259946569
0.11829219850166338,-18.713019782543657,131.17651478875266
18.48876052069624,-18.49961551110912,131.25508568713212
36.88455553908055,-17.400035469817087,131.34620023562863
55.501478074297594,-15.783033872529698,131.1153912364577
73.81882381886074,-13.258252147247767,131.25
-75.0,0.0,131.25
-56.31948885560012,0.0008039287993702793,131.26163133101613
-37.61221961177058,0.024984971934456823,131.17242330241595
-18.781556295036133,0.03334932773529985,131.3521512471848
-0.04398856516647551,-0.11581475295397207,131.15144710259113
18.67145324925494,-0.1352397722123376,131.375148427242
37.56961665657331,0.047147027634618345,131.35009345503062
56.1206986997373,0.033046484684127596,131.36226808613273
75.0,0.0,131.25
-73.81882381886074,13.258252147247767,131.25
-55.47439423154924,15.881178944039059,131.2088256213855
-36.82719328313412,17.587471161568363,131.38547102808275
-18.593136967805922,18.344668938703393,131.3578718898156
0.10285213089215202,18.78576390439913,131.13394123615416
18.455061997496262,18.43871697631343,131.3232400017433
36.95412120916549,17.468219648730184,131.125294756808
55.243095536030005,15.873817259994533,131.3810018850402
73.81882381886074,13.258252147247767,131.25
-70.1560760020114,26.516504294495533,131.25
-52.568375130894054,31.888371213733958,131.37361554045864
-34.97164951261411,35.14936239854604,131.19914946043824
-17.484037414955065,36.98492021105424,131.3180253923489
0.0027692077927147893,37.542075372157655,131.3107798536824
17.566019840546964,36.81253053087335,131.3646705922972
35.146682739723936,34.99016163840167,131.21197371404244
52.509268912843304,31.89776559912459,131.1650508008269
70.1560760020114,26.516504294495533,131.25
-63.58434359179939,39.7747564417433,131.25
-47.72944819631208,47.7994828060797,131.31046125223415
-31.719905496378953,52.49675304663983,131.30143052144044
-15.803312048692218,55.21420233710545,131.31973703704762
-0.02961834062804391,56.15454906446605,131.1061264809715
15.813851586318789,55.35204228094554,131.39567315750554
31.820929991491205,52.65605030805455,131.11050311867638
47.66417328756209,47.60164122069975,131.3869357713903
63.58434359179939,39.7747564417433,131.25
-53.033008588991066,53.033008588991066,131.25
-39.7747564417433,63.58434359179939,131.25
-26.516504294495533,70.1560760020114,131.25
-13.258252147247767,73.81882381886074,131.25
0.0,75.0,131.25
13.258252147247767,73.81882381886074,131.25
26.516504294495533,70.1560760020114,131.25
39.7747564417433,63.58434359179939,131.25
53.033008588991066,53.033008588991066,131.25
-53.033008588991066,-53.033008588991066,150.0
-39.7747564417433,-63.58434359179939,150.0
-26.516504294495533,-70.1560760020114,150.0
-13.258252147247767,-73.81882381886074,150.0
0.0,-75.0,150.0
13.258252147247767,-73.81882381886074,150.0
26.516504294495533,-70.1560760020114,150.0
39.7747564417433,-63.58434359179939,150.0
53.033008588991066,-53.033008588991066,150.0
-63.58434359179939,-39.7747564417433,150.0
-47.80874793707513,-47.767775586285445,150.04278182983063
-31.857957832616368,-52.482976098656394,149.89773423618067
-15.976778409621392,-55.2631615278061,149.97314485713054
0.14561379309539393,-56.31897944571403,149.86245588432647
15.992133772790778,-55.38748541263426,149.96161255012808
31.914301798387207,-52.57810519390487,150.0630303951041
47.740108208429966,-47.73665914062899,150.1168839778597
63.58434359179939,-39.7747564417433,150.0
-70.1560760020114,-26.516504294495533,150.0
-52.548041113654385,-31.94214463098969,150.0065606423917
-35.21332132363116,-35.08484136710835,149.9558259127223
-17.472903876716764,-36.912526436686186,149.85414041150554
0.13789617362799875,-37.37900983422483,150.08171618330837
17.542911864442317,-36.882047678819305,150.01062388017803
35.133592153102114,-34.97940371657429,149.94641843871048
52.671756408330154,-31.659241345160854,150.0620855676998
70.1560760020114,-26.516504294495533,150.0
-73.81882381886074,-13.258252147247767,150.0
-55.29198153385665,-15.800782732435218,150.0603028043687
-36.80017888487267,-17.65957525931845,150.0109580862154
-18.48215093239049,-18.32244574358539,149.8973684584477
0.0716811302218964,-18.805244360587206,150.00803161079904
18.441988654125655,-18.59437696295267,150.04936455260003
36.77944745785473,-17.551556632203848,149.88002400134226
55.2275084234358,-15.990955906685238,150.01976318427816
73.81882381886074,-13.258252147247767,150.0
-75.0,0.0,150.0
-56.19016183693435,0.10000664435793023,149.9116717237335
-37.633339211011,-0.03211946183914293,149.86820486952467
-18.630757898851652,0.10199400030635015,150.01316314882746
0.1330423431392025,0.14266114057631282,150.10578966609006
18.656917975683193,0.07041730741989673,150.00368580620443
37.64734487766276,-0.0746411219353979,150.10666363176733
56.145659113743186,0.14272468168881008,149.9737251438311
75.0,0.0,150.0
-73.81882381886074,13.258252147247767,150.0
-55.36562549492752,15.757335345336209,149.91946222259173
-36.907836810334864,17.611709498643812,150.10920225514994
-18.492403649811997,18.469544462563434,150.09080140555315
-0.0007768682440635166,18.89317542202453,150.04931796626155
18.441764912771127,18.454614000976548,149.9545335147551
36.854194398314206,17.398309671157257,149.9983016886042
55.3205982348899,15.861676998327619,150.08962404920703
73.81882381886074,13.258252147247767,150.0
-70.1560760020114,26.516504294495533,150.0
-52.60566197911376,31.90831318505459,149.888327526319
-35.15730315768701,35.16854965827561,149.92942373537431
-17.51429856436628,36.88578205682549,150.05306726978304
0.0016032434308916542,37.44571234299602,149.88734873404604
17.50919211211677,36.90889880459181,150.07624697835476
34.961003209378255,35.17429511846444,149.8933731290248
52.739236521486056,31.76336405781218,150.02834596311595
70.1560760020114,26.516504294495533,150.0
-63.58434359179939,39.7747564417433,150.0
-47.677655603825805,47.6775847228204,150.01937591311028
-31.94120015157406,52.597483182444215,150.12282298569232
-15.910165366909826,55.43048305377067,149.99974202939762
-0.1357119140614345,56.2398603694699,149.9832296807008
16.037329436299363,55.34426690443763,149.96492018909888
31.70578998083482,52.497891206133346,149.98047712893714
47.76736374021563,47.623578968708124,150.1446665482105
63.58434359179939,39.7747564417433,150.0
-53.033008588991066,53.033008588991066,150.0
-39.7747564417433,63.58434359179939,150.0
-26.516504294495533,70.1560760020114,150.0
-13.258252147247767,73.81882381886074,150.0
0.0,75.0,150.0
13.258252147247767,73.81882381886074,150.0
26.516504294495533,70.1560760020114,150.0
39.7747564417433,63.58434359179939,150.0
53.033008588991066,53.033008588991066,150.0
-53.033008588991066,-53.033008588991066,168.75
-39.7747564417433,-63.58434359179939,168.75
-26.516504294495533,-70.1560760020114,168.75
-13.258252147247767,-73.81882381886074,168.75
0.0,-75.0,168.75
13.258252147247767,-73.81882381886074,168.75
26.516504294495533,-70.1560760020114,168.75
39.7747564417433,-63.58434359179939,168.75
53.033008588991066,-53.033008588991066,168.75
-63.58434359179939,-39.7747564417433,168.75
-47.777581919865405,-47.76052434247655,168.86443652583492
-31.757482088271853,-52.487140900382585,168.84991162403017
-15.781420822900733,-55.38820151368684,168.67610215953368
-0.001004717150239609,-56.33628114407709,168.82281149636154
15.93890524629667,-55.3993301990826,168.83628671301355
31.81295741478548,-52.47316038810165,168.62038152977843
47.7906286797507,-47.63909765312118,168.7828045214912
63.58434359179939,-39.7747564417433,168.75
-70.1560760020114,-26.516504294495533,168.75
-52.67146429900449,-31.81562081020085,168.84241664048398
-34.93156138695119,-35.0455855867825,168.7777258493834
-17.450668413984975,-37.001104303467955,168.77593341026267
-0.037173715507226854,-37.378636529961895,168.80584093039195
17.657536098179264,-36.99255126194624,168.82690226576614
35.1744187322579,-35.20708784529073,168.80926710148773
52.719231705868474,-31.74191561862879,168.605571392088
70.1560760020114,-26.516504294495533,168.75
-73.81882381886074,-13.258252147247767,168.75
-55.47573104117013,-15.87875215005286,168.77830090465875
-37.05610730959795,-17.648609617026878,168.86050808064664
-18.44539452676651,-18.557536421321295,168.7783477511156
0.040653000069154885,-18.895027837713727,168.76713154537936
18.384589145509047,-18.507918282273366,168.71041072966085
36.932545319232766,-17.535800451593452,168.8441515202374
55.26871849407994,-15.77329859066657,168.73627351002594
73.81882381886074,-13.258252147247767,168.75
-75.0,0.0,168.75
-56.25111699400056,0.12668183258580126,168.79156026956232
-37.39654946604117,-0.10687575398798833,168.88920272387992
-18.869819750063968,0.08946067487795868,168.71556267385165
-0.08814057541924555,0.021348928739944917,168.76144533225403
18.811699193395533,-0.12165660125746233,168.86750266583056
37.46730461396152,0.08864685117204062,168.83762764848657
56.30788811399037,0.02553183621518865,168.86357126867566
75.0,0.0,168.75
-73.81882381886074,13.258252147247767,168.75
-55.471805232509475,15.894485805416057,168.8572447845979
-36.84631717274202,17.472258521581264,168.70663076485815
-18.36144098362691,18.459075035365977,168.68113849786164
0.0447335604553733,18.78695057345878,168.7782881216976
18.39316732673326,18.574985462506007,168.8876874403505
36.82222188038797,17.636200884957034,168.88593202144185
55.47360223711316,15.799942364638927,168.66563564337122
73.81882381886074,13.258252147247767,168.75
-70.1560760020114,26.516504294495533,168.75
-52.728798861561934,31.746729878711488,168.8076978178265
-34.950813790971935,34.93533603846545,168.85811558596703
-17.540365652783088,36.77622703552013,168.61182419057556
-0.020828996771401258,37.52705126305905,168.60057823341367
17.507387984012972,36.88691776405353,168.69089865148575
35.06167352200299,35.14023940241642,168.66895350994028
52.4686985677691,31.931975936978677,168.83819911449132
70.1560760020114,26.516504294495533,168.75
-63.58434359179939,39.7747564417433,168.75
-47.625740438159355,47.815774078867214,168.71788299196302
-31.88272587356248,52.57467372307141,168.61423930703393
-15.826052578506367,55.51411775071046,168.8980934964484
-0.09260519167529661,56.23454351328991,168.77282786344776
15.863986864345424,55.27566007462274,168.83993149015117
31.8707267667772,52.59045253970982,168.6088105488144
47.71715161731978,47.60842945809581,168.67684168702775
63.58434359179939,39.7747564417433,168.75
-53.033008588991066,53.033008588991066,168.75
-39.7747564417433,63.58434359179939,168.75
-26.516504294495533,70.1560760020114,168.75
-13.258252147247767,73.81882381886074,168.75
0.0,75.0,168.75
13.258252147247767,73.81882381886074,168.75
26.516504294495533,70.1560760020114,168.75
39.7747564417433,63.58434359179939,168.75
53.033008588991066,53.033008588991066,168.75
-53.033008588991066,-53.033008588991066,187.5
-39.7747564417433,-63.58434359179939,187.5
-26.516504294495533,-70.1560760020114,187.5
-13.258252147247767,-73.81882381886074,187.5
0.0,-75.0,187.5
13.258252147247767,-73.81882381886074,187.5
26.516504294495533,-70.1560760020114,187.5
39.7747564417433,-63.58434359179939,187.5
53.033008588991066,-53.033008588991066,187.5
-63.58434359179939,-39.7747564417433,187.5
-47.560023818339154,-47.661511990695885,187.6150329035544
-31.934161757115916,-52.54233516254406,187.5499474761076
-15.828854957471352,-55.513701242067306,187.45216726898317
0.07528980007641474,-56.2543301156975,187.6237454721116
15.786235677958858,-55.416765252686986,187.355340783999
31.70472846700062,-52.57708580821452,187.59584569271925
47.56681522646949,-47.57180695044139,187.48764446081483
63.58434359179939,-39.7747564417433,187.5
-70.1560760020114,-26.516504294495533,187.5
-52.67660408650202,-31.800029281181864,187.43924486259428
-34.98963237877187,-35.14474511709952,187.45349981123744
-17.567691532764513,-37.00866163119088,187.40992637107146
-0.06748140208305857,-37.35992480996527,187.6437189137068
17.42280167102579,-36.87406843039805,187.5178520962446
35.11821958440008,-35.04616589164384,187.37454204485962
52.74520495734255,-31.70947809380884,187.43305104099358
70.1560760020114,-26.516504294495533,187.5
-73.81882381886074,-13.258252147247767,187.5
-55.27527188535706,-15.761720399729128,187.38092859561132
-36.842505469862964,-17.442489191095646,187.47650670689833
-18.506483114371477,-18.37342829805231,187.6335755329037
0.10398151243756595,-18.63272046182897,187.61719804050736
18.402172761921097,-18.48007724493484,187.3847252782596
36.88716361840532,-17.666046258582828,187.3528734498205
55.50818899729816,-15.792551001951638,187.61099704190204
73.81882381886074,-13.258252147247767,187.5
-75.0,0.0,187.5
-56.122716752450316,-0.050458432454829304,187.54512573168387
-37.47182758935812,0.09370565802962783,187.4109945039549
-18.865372030188038,0.14228862966051725,187.64499870431376
0.09322340145857233,-0.09429168577505818,187.63963717859687
18.73206067761968,-0.006191246051430355,187.5437276136101
37.43000194475986,0.14268557899290954,187.4165261338309
56.10473129600507,-0.13110804282180408,187.4671242939388
75.0,0.0,187.5
-73.81882381886074,13.258252147247767,187.5
-55.3061096346887,15.840398379156834,187.55987164583516
-36.84666035775348,17.404348034018884,187.58506630399967
-18.545334632433818,18.358519537631842,187.59488808025833
-0.016035098147594882,18.64810543337283,187.35801869715007
18.374948955778653,18.378824828412945,187.4659102382678
36.96278647654762,17.605368540136855,187.53671262868994
55.29326825573873,15.82671740452355,187.42373098422482
73.81882381886074,13.258252147247767,187.5
-70.1560760020114,26.516504294495533,187.5
-52.57040513508342,31.670090803098542,187.3847539910277
-35.21771079822072,35.09733520818485,187.5281610600083
-17.6360834410825,36.947359087265156,187.47821786921855
-0.09227204399289193,37.383756611465365,187.3973688983579
17.618093701764128,36.91791600769231,187.62837948844694
35.15210032849871,35.14357617604448,187.40010787674697
52.53014148775796,31.70313218969961,187.4113385951898
70.1560760020114,26.516504294495533,187.5
-63.58434359179939,39.7747564417433,187.5
-47.72048833925943,47.787800289784386,187.41240987687485
-31.81937116048233,52.67733646115931,187.51687835029648
-16.02165246523277,55.4668215400772,187.44068138319565
-0.06799263070244,56.1978557840911,187.41216321911764
15.923309608049653,55.41301351156837,187.58914623546374
31.87295123503179,52.47709049458315,187.38291810487067
47.592846255240346,47.608208989036285,187.62141820358644
63.58434359179939,39.7747564417433,187.5
-53.033008588991066,53.033008588991066,187.5
-39.7747564417433,63.58434359179939,187.5
-26.516504294495533,70.1560760020114,187.5
-13.258252147247767,73.81882381886074,187.5
0.0,75.0,187.5
13.258252147247767,73.81882381886074,187.5
26.516504294495533,70.1560760020114,187.5
39.7747564417433,63.58434359179939,187.5
53.033008588991066,53.033008588991066,187.5
-53.033008588991066,-53.033008588991066,206.25
-39.7747564417433,-63.58434359179939,206.25
-26.516504294495533,-70.1560760020114,206.25
-13.258252147247767,-73.81882381886074,206.25
0.0,-75.0,206.25
13.258252147247767,-73.81882381886074,206.25
26.516504294495533,-70.1560760020114,206.25
39.7747564417433,-63.58434359179939,206.25
53.033008588991066,-53.033008588991066,206.25
-63.58434359179939,-39.7747564417433,206.25
-47.61251001652625,-47.79704492129892,206.36306825837264
-31.653953327058428,-52.479251186333464,206.35233564765767
-15.840855715491559,-55.310441287697095,206.292220369164
0.09774453940230633,-56.25752626543749,206.35605679203573
15.792589642385579,-55.425685132811225,206.18891553594216
31.745584375553204,-52.6118307649476,206.1873578799364
47.5621457848586,-47.751112104610044,206.1559183482341
63.58434359179939,-39.7747564417433,206.25
-70.1560760020114,-26.516504294495533,206.25
-52.54737823084176,-31.901073199119555,206.24411608383252
-34.969017027981266,-35.16254437934461,206.15129925797288
-17.40239025026306,-36.7900066292513,206.3945439695821
-0.04950323384232039,-37.60085118787868,206.24408532294635
17.431041759803517,-36.98289634311649,206.29712303737045
35.07492708607076,-35.16318531260709,206.1791339154258
52.57077356303448,-31.777922229625815,206.34246036510098
70.1560760020114,-26.516504294495533,206.25
-73.81882381886074,-13.258252147247767,206.25
-55.38276161200641,-16.041556195517146,206.33070878639384
-37.03683898806367,-17.50592959041618,206.1837153266574
-18.601210824025603,-18.362044454951036,206.31182653601832
-0.08140914008552633,-18.693417417441225,206.23346506535702
18.352059410254675,-18.335178702478093,206.34452834881122
36.84737037955137,-17.471011676743238,206.24909042778847
55.37693770516667,-15.833017855946732,206.33458194636486
73.81882381886074,-13.258252147247767,206.25
-75.0,0.0,206.25
-56.38122744554711,0.06032268973548089,206.3934463842276
-37.39662028711597,-0.09716555818317717,206.38846361534132
-18.692016958301895,0.12098182005387814,206.19144964553018
-0.055807574328876834,0.14209825456705796,206.19536450854287
18.791295079975992,0.1464091564977584,206.34869325782577
37.53758427774887,-0.12104387477554561,206.16559664740487
56.38285293378069,-0.04074194798746236,206.10008017471995
75.0,0.0,206.25
-73.81882381886074,13.258252147247767,206.25
-55.366621345910126,15.82006788064012,206.31518307543135
-36.97746313466514,17.40207647958502,206.25705093399483
-18.449658303402384,18.39058156897545,206.111448872281
-0.028803573538923433,18.848339531313787,206.3425027908024
18.549110970526698,18.419806698809463,206.19820599257864
37.007529178376444,17.495958177208955,206.1267428994769
55.28202937234433,15.934804194951155,206.28841770099868
73.81882381886074,13.258252147247767,206.25
-70.1560760020114,26.516504294495533,206.25
-52.53075631670059,31.747781363319138,206.27999961859547
-35.17444826701133,35.01069724446396,206.35390480293609
-17.510996053723225,36.89107843461905,206.21928884611432
0.13763664336299367,37.45906500183468,206.15548583546442
17.539455651208577,37.048200320586076,206.36682629402114
35.07756161421159,35.17140515238313,206.17171320043118
52.6508166484103,31.890557273593625,206.2147236018976
70.1560760020114,26.516504294495533,206.25
-63.58434359179939,39.7747564417433,206.25
-47.77868060115376,47.75045463189682,206.39393776058867
-31.830229581887576,52.57984790319405,206.3766846282299
-15.807539237901636,55.26783329441723,206.1952365761135
-0.008865260499932465,56.35156677763516,206.28283171420117
15.998706477090398,55.40819147936596,206.2952510094248
31.825887198506436,52.571828613024344,206.29647474591457
47.58931227987778,47.6126850704786,206.30091900448357
63.58434359179939,39.7747564417433,206.25
-53.033008588991066,53.033008588991066,206.25
-39.7747564417433,63.58434359179939,206.25
-26.516504294495533,70.1560760020114,206.25
-13.258252147247767,73.81882381886074,206.25
0.0,75.0,206.25
13.258252147247767,73.81882381886074,206.25
26.516504294495533,70.1560760020114,206.25
39.7747564417433,63.58434359179939,206.25
53.033008588991066,53.033008588991066,206.25
-53.033008588991066,-53.033008588991066,225.0
-39.7747564417433,-63.58434359179939,225.0
-26.516504294495533,-70.1560760020114,225.0
-13.258252147247767,-73.81882381886074,225.0
0.0,-75.0,225.0
13.258252147247767,-73.81882381886074,225.0
26.516504294495533,-70.1560760020114,225.0
39.7747564417433,-63.58434359179939,225.0
53.033008588991066,-53.033008588991066,225.0
-63.58434359179939,-39.7747564417433,225.0
-47.79254933838098,-47.617927333727366,225.0423625734599
-31.70439965513703,-52.53068720343855,224.91719616235568
-15.880185185877975,-55.42085007219761,224.9017792690321
0.10417462212693628,-56.1871259125821,225.1247872327337
15.89510645321557,-55.32564551313816,225.10480338109414
31.922597845309326,-52.64644457381354,224.8830722700027
47.78389962948753,-47.634245426230166,224.98418187887137
63.58434359179939,-39.7747564417433,225.0
-70.1560760020114,-26.516504294495533,225.0
-52.67221881040776,-31.8966939649805,225.09590425889283
-35.115158789264726,-34.96712627039358,224.89345639792433
-17.51733908647182,-37.03509678993088,224.9142134278846
-0.014917543467561505,-37.41915305930616,225.09453224136706
17.54239965653725,-36.79072593931551,225.05509972051024
35.039040616524105,-35.00707898319764,225.10821230013772
52.74118541609386,-31.76590786051244,225.11796205363606
70.1560760020114,-26.516504294495533,225.0
-73.81882381886074,-13.258252147247767,225.0
-55.475882402695255,-16.02268530289982,225.1438010057871
-36.84590764524633,-17.62285085929325,225.1379493097253
-18.34065740175314,-18.340676321664386,225.09604268476647
-0.1105971297065714,-18.7559589783456,225.04745094552518
18.562747396322493,-18.50219686068435,225.12034337621665
36.920535982474355,-17.47672335017886,225.0029949953095
55.30100403096719,-15.850280126535747,225.05760015678015
73.81882381886074,-13.258252147247767,225.0
-75.0,0.0,225.0
-56.264164996083906,0.1289108178480113,225.00411557152594
-37.62958936364371,-0.00843475980611274,225.1369919386632
-18.82648688798141,-0.015126303567144228,224.87221594700694
0.03342134546647841,0.11255325510285481,224.88255851368072
18.61093943208034,0.10903497429519655,224.85081297936887
37.51374425262387,-0.0003461505986499358,224.8822468884905
56.27345485998013,0.005831686014231152,224.9131468411829
75.0,0.0,225.0
-73.81882381886074,13.258252147247767,225.0
-55.30515810301913,15.932791149587091,225.10516426714844
-37.01357394571059,17.687675238791776,225.06539692194917
-18.528638754842348,18.466134217502788,225.07481267127432
0.07656610758349584,18.896570155814555,225.10460877523508
18.314391330447407,18.48681588619072,224.97161830930114
36.89833633379875,17.391819359987963,225.1156418662824
55.256964472327425,15.869029610778036,225.06498150337254
73.81882381886074,13.258252147247767,225.0
-70.1560760020114,26.516504294495533,225.0
-52.47292981926789,31.93772371462404,225.0910980000352
-35.193951409379146,35.1213834685626,225.107273228726
-17.59786380243023,37.0048259159753,225.1232080007313
-0.14313170928188212,37.58536209940694,225.08080473250283
17.5241581752786,37.043522365476136,225.0944347612301
34.94306999537972,34.970767445128914,225.10376737883956
52.735393157923525,31.667952662439628,224.94902393668843
70.1560760020114,26.516504294495533,225.0
-63.58434359179939,39.7747564417433,225.0
-47.64295377114638,47.71128656595252,225.04625343475317
-31.710693899481516,52.51606210184867,224.97872141638246
-15.925240758028743,55.258384518158394,225.13965399395192
-0.03532364996398038,56.265415055381794,224.88083580179645
15.903406690809883,55.40468346275753,224.88601587160304
31.86092582834891,52.56608037549189,225.03584653809008
47.76102337375043,47.56103978812455,224.94865848012205
63.58434359179939,39.7747564417433,225.0
-53.033008588991066,53.033008588991066,225.0
-39.7747564417433,63.58434359179939,225.0
-26.516504294495533,70.1560760020114,225.0
-13.258252147247767,73.81882381886074,225.0
0.0,75.0,225.0
13.258252147247767,73.81882381886074,225.0
26.516504294495533,70.1560760020114,225.0
39.7747564417433,63.58434359179939,225.0
53.033008588991066,53.033008588991066,225.0
-53.033008588991066,-53.033008588991066,243.75
-39.7747564417433,-63.58434359179939,243.75
-26.516504294495533,-70.1560760020114,243.75
-13.258252147247767,-73.81882381886074,243.75
0.0,-75.0,243.75
13.258252147247767,-73.81882381886074,243.75
26.516504294495533,-70.1560760020114,243.75
39.7747564417433,-63.58434359179939,243.75
53.033008588991066,-53.033008588991066,243.75
-63.58434359179939,-39.7747564417433,243.75
-47.78518228237471,-47.69981703633147,243.87213090633608
-31.738029005563465,-52.539179820518775,243.7317808951399
-15.804581281314226,-55.2460260692654,243.71879655067752
-0.03637276277242822,-56.16702391620121,243.62904040623877
16.02819355299361,-55.33075954360603,243.7032933076859
31.89279407274537,-52.55845005620034,243.85692979505143
47.55732312317525,-47.80558701661388,243.69607229977663
63.58434359179939,-39.7747564417433,243.75
-70.1560760020114,-26.516504294495533,243.75
-52.679914655646485,-31.940764892194412,243.8458305746996
-35.15356902485149,-35.22795577718982,243.7819356735246
-17.496154072623845,-36.7785690469748,243.82598929071148
0.05200898759160608,-37.58494554787639,243.77017684153756
17.65119472211383,-36.77205879372117,243.74381572447894
34.93891931869706,-35.04573156237604,243.72431404866478
52.61327291064418,-31.791386953392347,243.74084802099543
70.1560760020114,-26.516504294495533,243.75
-73.81882381886074,-13.258252147247767,243.75
-55.28142899394248,-16.04424439493979,243.6501410900383
-37.03811163575243,-17.595319295370707,243.7109441559347
-18.46627716010467,-18.531954935810685,243.82637472791893
-0.06994786635970131,-18.66378990750005,243.68302464665985
18.39994236696247,-18.46632531455751,243.76341913005496
36.84473074319935,-17.435379845224105,243.81328276987807
55.457631204715355,-15.917370941220772,243.61227774555437
73.81882381886074,-13.258252147247767,243.75
-75.0,0.0,243.75
-56.14793046798926,0.08262450445099942,243.7200463079475
-37.531702326229635,-0.02099694147286794,243.6544046655085
-18.620786798708508,-0.013725893881044305,243.75890154128842
-0.09179556534709202,0.09193321142435687,243.87148440916627
18.73846485732983,-0.07114285753161778,243.8519934660997
37.504184738013045,0.1328917852988894,243.76223551843418
56.39235832350904,0.11634321644266285,243.73043875183464
75.0,0.0,243.75
-73.81882381886074,13.258252147247767,243.75
-55.33001577919961,15.74982758427711,243.7865221023031
-36.88243850098047,17.58109481787926,243.81826264533134
-18.364425870989823,18.39207312682944,243.78006172430705
0.04740042849322801,18.60900168568315,243.69133127671262
18.50947366384969,18.53559337832498,243.6249286098522
36.93455769502247,17.464237446904367,243.89642867026683
55.49077903897218,15.89045120915168,243.84778536918935
73.81882381886074,13.258252147247767,243.75
-70.1560760020114,26.516504294495533,243.75
-52.53835703599957,31.802492105337656,243.80344072380262
-35.0997930501374,35.14092724458093,243.82951676884178
-17.600685076719543,36.98766893550122,243.81583717275217
0.12536244572855645,37.56662535984843,243.62242297261136
17.45191967943873,37.03112278476818,243.6446818025525
34.99509350105627,35.12982735088288,243.87360338572114
52.51916081685369,31.65099630170046,243.71346899346145
70.1560760020114,26.516504294495533,243.75
-63.58434359179939,39.7747564417433,243.75
-47.564884587367395,47.6200583392912,243.82344793790182
-31.85267948024529,52.664406205118105,243.64806506584773
-15.81652419498243,55.45765963752791,243.60658523734034
0.12808397914193756,56.157437438544555,243.85102961834102
15.900881355537795,55.2613735447845,243.7262244988355
31.79732372409503,52.50551418050284,243.7498073571128
47.75050868846678,47.540724225740206,243.65500148635124
63.58434359179939,39.7747564417433,243.75
-53.033008588991066,53.033008588991066,243.75
-39.7747564417433,63.58434359179939,243.75
-26.516504294495533,70.1560760020114,243.75
-13.258252147247767,73.81882381886074,243.75
0.0,75.0,243.75
13.258252147247767,73.81882381886074,243.75
26.516504294495533,70.1560760020114,243.75
39.7747564417433,63.58434359179939,243.75
53.033008588991066,53.033008588991066,243.75
-53.033008588991066,-53.033008588991066,262.5
-39.7747564417433,-63.58434359179939,262.5
-26.516504294495533,-70.1560760020114,262.5
-13.258252147247767,-73.81882381886074,262.5
0.0,-75.0,262.5
13.258252147247767,-73.81882381886074,262.5
26.516504294495533,-70.1560760020114,262.5
39.7747564417433,-63.58434359179939,262.5
53.033008588991066,-53.033008588991066,262.5
-63.58434359179939,-39.7747564417433,262.5
-47.72827658841484,-47.68581865285507,262.39296199415946
-31.679935957463062,-52.66932039704443,262.5091112284265
-15.763669733688364,-55.24564512140526,262.57138723596995
0.10527494696680219,-56.29396632895524,262.4579092492852
15.876838634201068,-55.452879689883446,262.5799948231457
31.665164405305116,-52.73027072459773,262.61695604015466
47.76842457315989,-47.62351712479133,262.4947441614907
63.58434359179939,-39.7747564417433,262.5
-70.1560760020114,-26.516504294495533,262.5
-52.75193482735585,-31.88379081154382,262.55920406915675
-35.13524768333396,-35.101168892046196,262.53911428241486
-17.445274454354045,-36.94482478643003,262.5157762666539
-0.0482863476026274,-37.548644157358744,262.43764727156963
17.476712271677734,-36.79860327315394,262.4607498979246
35.1015724197756,-34.93506173537549,262.5020964469072
52.752040170695864,-31.730047264643602,262.62699682115436
70.1560760020114,-26.516504294495533,262.5
-73.81882381886074,-13.258252147247767,262.5
-55.42854472259603,-16.01829587524892,262.61691153448396
-36.977251837363475,-17.424687772186868,262.564954306751
-18.467672390612798,-18.581594085915,262.5911789246561
0.044186694917355995,-18.604218523997915,262.54926716703886
18.48798237707576,-18.377875340530768,262.5921325974828
36.78197780326975,-17.6240412420948,262.43118556406404
55.29989308849118,-15.921890320920618,262.6050631302665
73.81882381886074,-13.258252147247767,262.5
-75.0,0.0,262.5
-56.25396961046102,-0.11724301835859334,262.3965904471216
-37.60435522769315,-0.09831183876297987,262.5729259105972
-18.884220593415304,-0.14551353100478348,262.45408440260405
-0.10344543343104674,-0.1073996756027451,262.5336521446629
18.841595348921416,0.14302932223911832,262.4938188728615
37.41379618289126,-0.12755414660906145,262.49745794150397
56.1256228567686,-0.00664629007533486,262.3958027038471
75.0,0.0,262.5
-73.81882381886074,13.258252147247767,262.5
-55.50807430618033,15.920164619351166,262.4910705919569
-36.98597289022278,17.478614822323795,262.48697734458233
-18.326475559790087,18.422953460839267,262.5358354274583
-0.11397070799207813,18.74431077714279,262.58123143884876
18.41149868588237,18.570138681616875,262.47784103673314
36.78371628374908,17.57263817508928,262.6374672741571
55.47659462222817,15.992958992532252,262.5461006464884
73.81882381886074,13.258252147247767,262.5
-70.1560760020114,26.516504294495533,262.5
-52.703491470711285,31.688047905521124,262.38977440737176
-35.13957330360724,34.95420717695193,262.3753401283293
-17.497482170373964,36.9189158856206,262.6333278292247
0.14082577912641026,37.358869777577404,262.6243517434105
17.418770500864333,36.992878484880386,262.52273358841086
34.9614584227166,35.025065696090174,262.5944712846747
52.495938529191726,31.654007567052368,262.3738057629782
70.1560760020114,26.516504294495533,262.5
-63.58434359179939,39.7747564417433,262.5
-47.6347993195749,47.66315412776404,262.38436480096277
-31.87296201429897,52.57585636490598,262.4409006206742
-15.879354226628301,55.47331776537767,262.4227400082968
-0.10868055585710357,56.355897709660184,262.4228062587198
16.000876201458965,55.274748941910396,262.5765239938286
31.83093607280876,52.528259012189096,262.5721935080002
47.544546653264376,47.63679857894342,262.5266557727366
63.58434359179939,39.7747564417433,262.5
-53.033008588991066,53.033008588991066,262.5
-39.7747564417433,63.58434359179939,262.5
-26.516504294495533,70.1560760020114,262.5
-13.258252147247767,73.81882381886074,262.5
0.0,75.0,262.5
13.258252147247767,73.81882381886074,262.5
26.516504294495533,70.1560760020114,262.5
39.7747564417433,63.58434359179939,262.5
53.033008588991066,53.033008588991066,262.5
-53.033008588991066,-53.033008588991066,281.25
-39.7747564417433,-63.58434359179939,281.25
-26.516504294495533,-70.1560760020114,281.25
-13.258252147247767,-73.81882381886074,281.25
0.0,-75.0,281.25
13.258252147247767,-73.81882381886074,281.25
26.516504294495533,-70.1560760020114,281.25
39.7747564417433,-63.58434359179939,281.25
53.033008588991066,-53.033008588991066,281.25
-63.58434359179939,-39.7747564417433,281.25
-47.58468530978938,-47.547198794717445,281.12691771314803
-31.93616691720457,-52.643060772539826,281.304620277325
-15.89308489700672,-55.32629501298509,281.23865945382914
-0.10055949387632286,-56.15341357935845,281.27797172259443
15.916827542857003,-55.35929190956169,281.3598186909034
31.914909809350096,-52.559264940636105,281.1611670831503
47.773424201266494,-47.594767537204824,281.13906272777314
63.58434359179939,-39.7747564417433,281.25
-70.1560760020114,-26.516504294495533,281.25
-52.63979131858621,-31.687838920227744,281.272641418489
-34.9437174564684,-35.052645962502325,281.11399112628493
-17.44015952967681,-36.7782857361329,281.28759461054
0.05261934590647899,-37.52665334980779,281.18714978047046
17.515379367893345,-37.0207171773815,281.3423615453962
35.198531475035864,-34.944219976010984,281.22954608627106
52.64812895958526,-31.86577240066835,281.1446356531906
70.1560760020114,-26.516504294495533,281.25
-73.81882381886074,-13.258252147247767,281.25
-55.32269468955035,-15.996790476563106,281.3081472469532
-37.02863236752683,-17.577258227732692,281.1633079480675
-18.38802278488055,-18.510670544023185,281.1531475004522
4.0099932830839344e-5,-18.676040428912287,281.38851127121063
18.413641191696758,-18.330178005399443,281.39124414966966
36.899835407286226,-17.391290537055326,281.32228516257476
55.26084525787457,-15.798779494316964,281.3787258578831
73.81882381886074,-13.258252147247767,281.25
-75.0,0.0,281.25
-56.35450655876403,0.05826685293962568,281.3409973562886
-37.507432857508505,-0.12403614547757252,281.2745029584386
-18.82877752256057,-0.11382167551844459,281.3490995615018
-0.033669839139874015,-0.08898642386262605,281.1551741408441
18.611785166948934,-0.07669908927134196,281.2684066165557
37.56000445192214,-0.10517654454110961,281.14781589757087
56.341790473061515,0.1224807449022684,281.183879572425
75.0,0.0,281.25
-73.81882381886074,13.258252147247767,281.25
-55.45014411748074,15.75284609340944,281.3186050893826
-36.76367465690823,17.445022140069483,281.2447666963771
-18.510839945080328,18.510729887757968,281.14424265005823
0.03621952873012961,18.79161936728825,281.1467060135895
18.49267635335543,18.52319590133502,281.2605328395779
36.93484669508115,17.521461433159942,281.3599656677153
55.25709515485923,15.965410922826276,281.1956930981463
73.81882381886074,13.258252147247767,281.25
-70.1560760020114,26.516504294495533,281.25
-52.75315645621606,31.868636526739156,281.1927312188282
-35.19444315496309,34.9566154392487,281.10100455014083
-17.605544783760653,36.910572695522255,281.2593318464045
-0.0596574794080376,37.43674358911195,281.29950220454464
17.622570781770502,36.86419967482936,281.2679730607979
35.051270831099515,35.20221338777641,281.16572545532404
52.5147846326098,31.90046771474168,281.2795079772265
70.1560760020114,26.516504294495533,281.25
-63.58434359179939,39.7747564417433,281.25
-47.6476844477288,47.70280524516321,281.2506949288541
-31.81250254510516,52.61815510521392,281.1058289762148
-15.878482656079852,55.42180397315181,281.18043406819015
-0.0946159283838309,56.34009165295404,281.32041119854915
15.797099913750639,55.50668142805333,281.2158185980822
31.805349763512876,52.69915867622738,281.13284699937
47.597776104701495,47.66418888265174,281.12549019862223
63.58434359179939,39.7747564417433,281.25
-53.033008588991066,53.033008588991066,281.25
-39.7747564417433,63.58434359179939,281.25
-26.516504294495533,70.1560760020114,281.25
-13.258252147247767,73.81882381886074,281.25
0.0,75.0,281.25
13.258252147247767,73.81882381886074,281.25
26.516504294495533,70.1560760020114,281.25
39.7747564417433,63.58434359179939,281.25
53.033008588991066,53.033008588991066,281.25
-53.033008588991066,-53.033008588991066,300.0
-39.7747564417433,-63.58434359179939,300.0
-26.516504294495533,-70.1560760020114,300.0
-13.258252147247767,-73.81882381886074,300.0
0.0,-75.0,300.0
13.258252147247767,-73.81882381886074,300.0
26.516504294495533,-70.1560760020114,300.0
39.7747564417433,-63.58434359179939,300.0
53.033008588991066,-53.033008588991066,300.0
-63.58434359179939,-39.7747564417433,300.0
-47.68825769384954,-47.68825769384954,300.0
-31.792171795899694,-52.61705700150855,300.0
-15.896085897949847,-55.36411786414555,300.0
0.0,-56.25,300.0
15.896085897949847,-55.36411786414555,300.0
31.792171795899694,-52.61705700150855,300.0
47.68825769384954,-47.68825769384954,300.0
63.58434359179939,-39.7747564417433,300.0
-70.1560760020114,-26.516504294495533,300.0
-52.61705700150855,-31.792171795899694,300.0
-35.0780380010057,-35.0780380010057,300.0
-17.53901900050285,-36.90941190943037,300.0
0.0,-37.5,300.0
17.53901900050285,-36.90941190943037,300.0
35.0780380010057,-35.0780380010057,300.0
52.61705700150855,-31.792171795899694,300.0
70.1560760020114,-26.516504294495533,300.0
-73.81882381886074,-13.258252147247767,300.0
-55.36411786414555,-15.896085897949847,300.0
-36.90941190943037,-17.53901900050285,300.0
-18.454705954715184,-18.454705954715184,300.0
0.0,-18.75,300.0
18.454705954715184,-18.454705954715184,300.0
36.90941190943037,-17.53901900050285,300.0
55.36411786414555,-15.896085897949847,300.0
73.81882381886074,-13.258252147247767,300.0
-75.0,0.0,300.0
-56.25,0.0,300.0
-37.5,0.0,300.0
-18.75,0.0,300.0
0.0,0.0,300.0
18.75,0.0,300.0
37.5,0.0,300.0
56.25,0.0,300.0
75.0,0.0,300.0
-73.81882381886074,13.258252147247767,300.0
-55.36411786414555,15.896085897949847,300.0
-36.90941190943037,17.53901900050285,300.0
-18.454705954715184,18.454705954715184,300.0
0.0,18.75,300.0
18.454705954715184,18.454705954715184,300.0
36.90941190943037,17.53901900050285,300.0
55.36411786414555,15.896085897949847,300.0
73.81882381886074,13.258252147247767,300.0
-70.1560760020114,26.516504294495533,300.0
-52.61705700150855,31.792171795899694,300.0
-35.0780380010057,35.0780380010057,300.0
-17.53901900050285,36.90941190943037,300.0
0.0,37.5,300.0
17.53901900050285,36.90941190943037,300.0
35.0780380010057,35.0780380010057,300.0
52.61705700150855,31.792171795899694,300.0
70.1560760020114,26.516504294495533,300.0
-63.58434359179939,39.7747564417433,300.0
-47.68825769384954,47.68825769384954,300.0
-31.792171795899694,52.61705700150855,300.0
-15.896085897949847,55.36411786414555,300.0
0.0,56.25,300.0
15.896085897949847,55.36411786414555,300.0
31.792171795899694,52.61705700150855,300.0
47.68825769384954,47.68825769384954,300.0
63.58434359179939,39.7747564417433,300.0
-53.033008588991066,53.033008588991066,300.0
-39.7747564417433,63.58434359179939,300.0
-26.516504294495533,70.1560760020114,300.0
-13.258252147247767,73.81882381886074,300.0
0.0,75.0,300.0
13.258252147247767,73.81882381886074,300.0
26.516504294495533,70.1560760020114,300.0
39.7747564417433,63.58434359179939,300.0
53.033008588991066,53.033008588991066,300.0
